timestamp, memory.used [MiB]
2025/12/07 01:12:38.465, 1 MiB
2025/12/07 01:12:39.466, 1 MiB
2025/12/07 01:12:40.466, 1 MiB
2025/12/07 01:12:41.466, 4 MiB
2025/12/07 01:12:42.466, 4 MiB
2025/12/07 01:12:43.466, 4 MiB
2025/12/07 01:12:44.466, 4 MiB
2025/12/07 01:12:45.467, 4 MiB
2025/12/07 01:12:46.467, 4 MiB
2025/12/07 01:12:47.467, 4 MiB
2025/12/07 01:12:48.467, 398 MiB
2025/12/07 01:12:49.467, 919 MiB
2025/12/07 01:12:50.467, 919 MiB
2025/12/07 01:12:51.468, 1875 MiB
2025/12/07 01:12:52.468, 2651 MiB
2025/12/07 01:12:53.468, 2651 MiB
2025/12/07 01:12:54.468, 2651 MiB
2025/12/07 01:12:55.468, 2651 MiB
2025/12/07 01:12:56.468, 2651 MiB
2025/12/07 01:12:57.468, 2651 MiB
2025/12/07 01:12:58.468, 2651 MiB
2025/12/07 01:12:59.469, 2651 MiB
2025/12/07 01:13:00.469, 2651 MiB
2025/12/07 01:13:01.469, 2651 MiB
2025/12/07 01:13:02.469, 2651 MiB
2025/12/07 01:13:03.469, 2651 MiB
2025/12/07 01:13:04.469, 2651 MiB
2025/12/07 01:13:05.470, 2651 MiB
2025/12/07 01:13:06.470, 2651 MiB
2025/12/07 01:13:07.470, 2651 MiB
2025/12/07 01:13:08.470, 2651 MiB
2025/12/07 01:13:09.470, 2651 MiB
2025/12/07 01:13:10.470, 2947 MiB
2025/12/07 01:13:11.470, 3175 MiB
2025/12/07 01:13:12.470, 3175 MiB
2025/12/07 01:13:13.471, 3175 MiB
2025/12/07 01:13:14.471, 3175 MiB
2025/12/07 01:13:15.471, 3175 MiB
2025/12/07 01:13:16.471, 3175 MiB
2025/12/07 01:13:17.471, 3175 MiB
2025/12/07 01:13:18.471, 3175 MiB
2025/12/07 01:13:19.471, 3175 MiB
2025/12/07 01:13:20.471, 3175 MiB
2025/12/07 01:13:21.472, 3175 MiB
2025/12/07 01:13:22.472, 3175 MiB
2025/12/07 01:13:23.472, 3175 MiB
2025/12/07 01:13:24.472, 3175 MiB
2025/12/07 01:13:25.472, 3175 MiB
2025/12/07 01:13:26.472, 3175 MiB
2025/12/07 01:13:27.472, 3175 MiB
2025/12/07 01:13:28.473, 3175 MiB
2025/12/07 01:13:29.473, 4897 MiB
2025/12/07 01:13:30.473, 4897 MiB
2025/12/07 01:13:31.473, 4897 MiB
2025/12/07 01:13:32.473, 4897 MiB
2025/12/07 01:13:33.473, 4897 MiB
2025/12/07 01:13:34.473, 4897 MiB
2025/12/07 01:13:35.474, 4897 MiB
2025/12/07 01:13:36.474, 4897 MiB
2025/12/07 01:13:37.474, 4897 MiB
2025/12/07 01:13:38.474, 4897 MiB
2025/12/07 01:13:39.474, 4897 MiB
2025/12/07 01:13:40.474, 4897 MiB
2025/12/07 01:13:41.474, 4897 MiB
2025/12/07 01:13:42.474, 4897 MiB
2025/12/07 01:13:43.475, 4897 MiB
2025/12/07 01:13:44.475, 4897 MiB
2025/12/07 01:13:45.475, 4897 MiB
2025/12/07 01:13:46.475, 4897 MiB
2025/12/07 01:13:47.475, 4897 MiB
2025/12/07 01:13:48.475, 4897 MiB
2025/12/07 01:13:49.475, 4897 MiB
2025/12/07 01:13:50.476, 4897 MiB
2025/12/07 01:13:51.476, 4897 MiB
2025/12/07 01:13:52.476, 4897 MiB
2025/12/07 01:13:53.476, 4897 MiB
2025/12/07 01:13:54.476, 4897 MiB
2025/12/07 01:13:55.476, 4897 MiB
2025/12/07 01:13:56.476, 4897 MiB
2025/12/07 01:13:57.476, 4897 MiB
2025/12/07 01:13:58.477, 4897 MiB
2025/12/07 01:13:59.477, 4897 MiB
2025/12/07 01:14:00.477, 4897 MiB
2025/12/07 01:14:01.477, 4897 MiB
2025/12/07 01:14:02.477, 4897 MiB
2025/12/07 01:14:03.477, 4897 MiB
2025/12/07 01:14:04.477, 4897 MiB
2025/12/07 01:14:05.478, 4897 MiB
2025/12/07 01:14:06.478, 4897 MiB
2025/12/07 01:14:07.478, 4897 MiB
2025/12/07 01:14:08.478, 4897 MiB
2025/12/07 01:14:09.478, 4897 MiB
2025/12/07 01:14:10.478, 4897 MiB
2025/12/07 01:14:11.478, 4897 MiB
2025/12/07 01:14:12.478, 4897 MiB
2025/12/07 01:14:13.479, 4897 MiB
2025/12/07 01:14:14.479, 4897 MiB
2025/12/07 01:14:15.479, 4897 MiB
2025/12/07 01:14:16.479, 4897 MiB
2025/12/07 01:14:17.479, 4897 MiB
2025/12/07 01:14:18.479, 4897 MiB
2025/12/07 01:14:19.479, 4897 MiB
2025/12/07 01:14:20.479, 4897 MiB
2025/12/07 01:14:21.480, 4897 MiB
2025/12/07 01:14:22.480, 4897 MiB
2025/12/07 01:14:23.480, 4897 MiB
2025/12/07 01:14:24.480, 4897 MiB
2025/12/07 01:14:25.480, 4897 MiB
2025/12/07 01:14:26.480, 4897 MiB
2025/12/07 01:14:27.480, 4897 MiB
2025/12/07 01:14:28.481, 4897 MiB
2025/12/07 01:14:29.481, 4897 MiB
2025/12/07 01:14:30.481, 4897 MiB
2025/12/07 01:14:31.481, 4897 MiB
2025/12/07 01:14:32.481, 4897 MiB
2025/12/07 01:14:33.481, 4897 MiB
2025/12/07 01:14:34.481, 4897 MiB
2025/12/07 01:14:35.481, 4897 MiB
2025/12/07 01:14:36.482, 4897 MiB
2025/12/07 01:14:37.482, 4897 MiB
2025/12/07 01:14:38.482, 4897 MiB
2025/12/07 01:14:39.482, 4897 MiB
2025/12/07 01:14:40.482, 4897 MiB
2025/12/07 01:14:41.482, 4897 MiB
2025/12/07 01:14:42.482, 4897 MiB
2025/12/07 01:14:43.483, 4897 MiB
2025/12/07 01:14:44.483, 4897 MiB
2025/12/07 01:14:45.483, 4897 MiB
2025/12/07 01:14:46.483, 4897 MiB
2025/12/07 01:14:47.483, 4897 MiB
2025/12/07 01:14:48.483, 4897 MiB
2025/12/07 01:14:49.483, 4897 MiB
2025/12/07 01:14:50.483, 4897 MiB
2025/12/07 01:14:51.483, 4897 MiB
2025/12/07 01:14:52.484, 4897 MiB
2025/12/07 01:14:53.484, 4897 MiB
2025/12/07 01:14:54.484, 4897 MiB
2025/12/07 01:14:55.484, 4897 MiB
2025/12/07 01:14:56.484, 4897 MiB
2025/12/07 01:14:57.484, 4897 MiB
2025/12/07 01:14:58.484, 4897 MiB
2025/12/07 01:14:59.485, 4897 MiB
2025/12/07 01:15:00.485, 4897 MiB
2025/12/07 01:15:01.485, 4897 MiB
2025/12/07 01:15:02.485, 4897 MiB
2025/12/07 01:15:03.485, 4897 MiB
2025/12/07 01:15:04.485, 4897 MiB
2025/12/07 01:15:05.485, 4897 MiB
2025/12/07 01:15:06.485, 4897 MiB
2025/12/07 01:15:07.486, 4897 MiB
2025/12/07 01:15:08.486, 4897 MiB
2025/12/07 01:15:09.486, 4897 MiB
2025/12/07 01:15:10.486, 4897 MiB
2025/12/07 01:15:11.486, 4897 MiB
2025/12/07 01:15:12.486, 4897 MiB
2025/12/07 01:15:13.486, 4897 MiB
2025/12/07 01:15:14.487, 4897 MiB
2025/12/07 01:15:15.487, 4897 MiB
2025/12/07 01:15:16.487, 4897 MiB
2025/12/07 01:15:17.487, 4897 MiB
2025/12/07 01:15:18.487, 4897 MiB
2025/12/07 01:15:19.487, 4897 MiB
2025/12/07 01:15:20.487, 4897 MiB
2025/12/07 01:15:21.487, 4897 MiB
2025/12/07 01:15:22.488, 4897 MiB
2025/12/07 01:15:23.488, 4897 MiB
2025/12/07 01:15:24.488, 4897 MiB
2025/12/07 01:15:25.488, 4897 MiB
2025/12/07 01:15:26.488, 4897 MiB
2025/12/07 01:15:27.488, 4897 MiB
2025/12/07 01:15:28.488, 4897 MiB
2025/12/07 01:15:29.489, 4897 MiB
2025/12/07 01:15:30.489, 4897 MiB
2025/12/07 01:15:31.489, 4897 MiB
2025/12/07 01:15:32.489, 4897 MiB
2025/12/07 01:15:33.489, 4897 MiB
2025/12/07 01:15:34.489, 4897 MiB
2025/12/07 01:15:35.489, 4897 MiB
2025/12/07 01:15:36.489, 4897 MiB
2025/12/07 01:15:37.490, 4897 MiB
2025/12/07 01:15:38.490, 4897 MiB
2025/12/07 01:15:39.490, 4897 MiB
2025/12/07 01:15:40.490, 4897 MiB
2025/12/07 01:15:41.490, 4897 MiB
2025/12/07 01:15:42.490, 4897 MiB
2025/12/07 01:15:43.490, 4897 MiB
2025/12/07 01:15:44.491, 4897 MiB
2025/12/07 01:15:45.491, 4897 MiB
2025/12/07 01:15:46.491, 4897 MiB
2025/12/07 01:15:47.491, 4897 MiB
2025/12/07 01:15:48.491, 4897 MiB
2025/12/07 01:15:49.491, 4897 MiB
2025/12/07 01:15:50.491, 4897 MiB
2025/12/07 01:15:51.491, 4897 MiB
2025/12/07 01:15:52.492, 4897 MiB
2025/12/07 01:15:53.492, 4897 MiB
2025/12/07 01:15:54.492, 4897 MiB
2025/12/07 01:15:55.492, 4897 MiB
2025/12/07 01:15:56.492, 4897 MiB
2025/12/07 01:15:57.492, 4897 MiB
2025/12/07 01:15:58.492, 4897 MiB
2025/12/07 01:15:59.492, 4897 MiB
2025/12/07 01:16:00.493, 4897 MiB
2025/12/07 01:16:01.493, 4897 MiB
2025/12/07 01:16:02.493, 4897 MiB
2025/12/07 01:16:03.493, 4897 MiB
2025/12/07 01:16:04.493, 4897 MiB
2025/12/07 01:16:05.493, 4897 MiB
2025/12/07 01:16:06.493, 4897 MiB
2025/12/07 01:16:07.494, 4897 MiB
2025/12/07 01:16:08.494, 4897 MiB
2025/12/07 01:16:09.494, 4897 MiB
2025/12/07 01:16:10.494, 4897 MiB
2025/12/07 01:16:11.494, 4897 MiB
2025/12/07 01:16:12.494, 4897 MiB
2025/12/07 01:16:13.494, 4897 MiB
2025/12/07 01:16:14.494, 4897 MiB
2025/12/07 01:16:15.495, 4897 MiB
2025/12/07 01:16:16.495, 4897 MiB
2025/12/07 01:16:17.495, 4897 MiB
2025/12/07 01:16:18.495, 4897 MiB
2025/12/07 01:16:19.495, 4897 MiB
2025/12/07 01:16:20.495, 4897 MiB
2025/12/07 01:16:21.495, 4897 MiB
2025/12/07 01:16:22.495, 4897 MiB
2025/12/07 01:16:23.496, 4897 MiB
2025/12/07 01:16:24.496, 4897 MiB
2025/12/07 01:16:25.496, 4897 MiB
2025/12/07 01:16:26.496, 4897 MiB
2025/12/07 01:16:27.496, 4897 MiB
2025/12/07 01:16:28.496, 4897 MiB
2025/12/07 01:16:29.496, 4897 MiB
2025/12/07 01:16:30.496, 4897 MiB
2025/12/07 01:16:31.497, 4897 MiB
2025/12/07 01:16:32.497, 4897 MiB
2025/12/07 01:16:33.497, 4897 MiB
2025/12/07 01:16:34.497, 4897 MiB
2025/12/07 01:16:35.497, 4897 MiB
2025/12/07 01:16:36.497, 4897 MiB
2025/12/07 01:16:37.497, 4897 MiB
2025/12/07 01:16:38.497, 4897 MiB
2025/12/07 01:16:39.498, 4897 MiB
2025/12/07 01:16:40.498, 4897 MiB
2025/12/07 01:16:41.498, 4897 MiB
2025/12/07 01:16:42.498, 4897 MiB
2025/12/07 01:16:43.498, 4897 MiB
2025/12/07 01:16:44.498, 4897 MiB
2025/12/07 01:16:45.498, 4897 MiB
2025/12/07 01:16:46.499, 4897 MiB
2025/12/07 01:16:47.499, 4897 MiB
2025/12/07 01:16:48.499, 4897 MiB
2025/12/07 01:16:49.499, 4897 MiB
2025/12/07 01:16:50.499, 4897 MiB
2025/12/07 01:16:51.499, 4897 MiB
2025/12/07 01:16:52.499, 4897 MiB
2025/12/07 01:16:53.500, 4897 MiB
2025/12/07 01:16:54.500, 4897 MiB
2025/12/07 01:16:55.500, 4897 MiB
2025/12/07 01:16:56.500, 4897 MiB
2025/12/07 01:16:57.500, 4897 MiB
2025/12/07 01:16:58.500, 4897 MiB
2025/12/07 01:16:59.500, 4897 MiB
2025/12/07 01:17:00.500, 4897 MiB
2025/12/07 01:17:01.501, 4897 MiB
2025/12/07 01:17:02.501, 4897 MiB
2025/12/07 01:17:03.501, 4897 MiB
2025/12/07 01:17:04.501, 4897 MiB
2025/12/07 01:17:05.501, 4897 MiB
2025/12/07 01:17:06.501, 4897 MiB
2025/12/07 01:17:07.501, 4897 MiB
2025/12/07 01:17:08.501, 4897 MiB
2025/12/07 01:17:09.502, 4897 MiB
2025/12/07 01:17:10.502, 4897 MiB
2025/12/07 01:17:11.502, 4897 MiB
2025/12/07 01:17:12.502, 4897 MiB
2025/12/07 01:17:13.502, 4897 MiB
2025/12/07 01:17:14.502, 4897 MiB
2025/12/07 01:17:15.503, 4897 MiB
2025/12/07 01:17:16.503, 4897 MiB
2025/12/07 01:17:17.503, 4897 MiB
2025/12/07 01:17:18.503, 4897 MiB
2025/12/07 01:17:19.503, 4897 MiB
2025/12/07 01:17:20.503, 4897 MiB
2025/12/07 01:17:21.503, 4897 MiB
2025/12/07 01:17:22.504, 4897 MiB
2025/12/07 01:17:23.504, 4897 MiB
2025/12/07 01:17:24.504, 4897 MiB
2025/12/07 01:17:25.504, 4897 MiB
2025/12/07 01:17:26.504, 4897 MiB
2025/12/07 01:17:27.504, 4897 MiB
2025/12/07 01:17:28.504, 4897 MiB
2025/12/07 01:17:29.505, 4897 MiB
2025/12/07 01:17:30.505, 4897 MiB
2025/12/07 01:17:31.505, 4897 MiB
2025/12/07 01:17:32.505, 4897 MiB
2025/12/07 01:17:33.505, 4897 MiB
2025/12/07 01:17:34.505, 4897 MiB
2025/12/07 01:17:35.505, 4897 MiB
2025/12/07 01:17:36.505, 4897 MiB
2025/12/07 01:17:37.506, 4897 MiB
2025/12/07 01:17:38.506, 4897 MiB
2025/12/07 01:17:39.506, 4897 MiB
2025/12/07 01:17:40.506, 4897 MiB
2025/12/07 01:17:41.506, 4897 MiB
2025/12/07 01:17:42.506, 4897 MiB
2025/12/07 01:17:43.506, 4897 MiB
2025/12/07 01:17:44.507, 4897 MiB
2025/12/07 01:17:45.507, 4897 MiB
2025/12/07 01:17:46.507, 4897 MiB
2025/12/07 01:17:47.507, 4897 MiB
2025/12/07 01:17:48.507, 4897 MiB
2025/12/07 01:17:49.507, 4897 MiB
2025/12/07 01:17:50.507, 4897 MiB
2025/12/07 01:17:51.507, 4897 MiB
2025/12/07 01:17:52.508, 4897 MiB
2025/12/07 01:17:53.508, 4897 MiB
2025/12/07 01:17:54.508, 4897 MiB
2025/12/07 01:17:55.508, 4897 MiB
2025/12/07 01:17:56.508, 4897 MiB
2025/12/07 01:17:57.508, 4897 MiB
2025/12/07 01:17:58.508, 4897 MiB
2025/12/07 01:17:59.508, 4897 MiB
2025/12/07 01:18:00.509, 4897 MiB
2025/12/07 01:18:01.509, 4897 MiB
2025/12/07 01:18:02.509, 4897 MiB
2025/12/07 01:18:03.509, 4897 MiB
2025/12/07 01:18:04.509, 4897 MiB
2025/12/07 01:18:05.509, 4897 MiB
2025/12/07 01:18:06.509, 4897 MiB
2025/12/07 01:18:07.510, 4897 MiB
2025/12/07 01:18:08.510, 4897 MiB
2025/12/07 01:18:09.510, 4897 MiB
2025/12/07 01:18:10.510, 4897 MiB
2025/12/07 01:18:11.510, 4897 MiB
2025/12/07 01:18:12.510, 4897 MiB
2025/12/07 01:18:13.510, 4897 MiB
2025/12/07 01:18:14.510, 4897 MiB
2025/12/07 01:18:15.511, 4897 MiB
2025/12/07 01:18:16.511, 4897 MiB
2025/12/07 01:18:17.511, 4897 MiB
2025/12/07 01:18:18.511, 4897 MiB
2025/12/07 01:18:19.511, 4897 MiB
2025/12/07 01:18:20.511, 4897 MiB
2025/12/07 01:18:21.511, 4897 MiB
2025/12/07 01:18:22.511, 4897 MiB
2025/12/07 01:18:23.512, 4897 MiB
2025/12/07 01:18:24.512, 4897 MiB
2025/12/07 01:18:25.512, 4897 MiB
2025/12/07 01:18:26.512, 4897 MiB
2025/12/07 01:18:27.512, 4897 MiB
2025/12/07 01:18:28.512, 4897 MiB
2025/12/07 01:18:29.512, 4897 MiB
2025/12/07 01:18:30.513, 4897 MiB
2025/12/07 01:18:31.513, 4897 MiB
2025/12/07 01:18:32.513, 4897 MiB
2025/12/07 01:18:33.513, 4897 MiB
2025/12/07 01:18:34.513, 4897 MiB
2025/12/07 01:18:35.513, 4897 MiB
2025/12/07 01:18:36.513, 4897 MiB
2025/12/07 01:18:37.514, 4897 MiB
2025/12/07 01:18:38.514, 4897 MiB
2025/12/07 01:18:39.514, 4897 MiB
2025/12/07 01:18:40.514, 4897 MiB
2025/12/07 01:18:41.514, 4897 MiB
2025/12/07 01:18:42.514, 4897 MiB
2025/12/07 01:18:43.514, 4897 MiB
2025/12/07 01:18:44.515, 4897 MiB
2025/12/07 01:18:45.515, 4897 MiB
2025/12/07 01:18:46.515, 4897 MiB
2025/12/07 01:18:47.515, 4897 MiB
2025/12/07 01:18:48.515, 4897 MiB
2025/12/07 01:18:49.515, 4897 MiB
2025/12/07 01:18:50.515, 4897 MiB
2025/12/07 01:18:51.515, 4897 MiB
2025/12/07 01:18:52.516, 4897 MiB
2025/12/07 01:18:53.516, 4897 MiB
2025/12/07 01:18:54.516, 4897 MiB
2025/12/07 01:18:55.516, 4897 MiB
2025/12/07 01:18:56.516, 4897 MiB
2025/12/07 01:18:57.516, 4897 MiB
2025/12/07 01:18:58.516, 4897 MiB
2025/12/07 01:18:59.517, 4897 MiB
2025/12/07 01:19:00.517, 4897 MiB
2025/12/07 01:19:01.517, 4897 MiB
2025/12/07 01:19:02.517, 4897 MiB
2025/12/07 01:19:03.517, 4897 MiB
2025/12/07 01:19:04.517, 4897 MiB
2025/12/07 01:19:05.517, 4897 MiB
2025/12/07 01:19:06.518, 4897 MiB
2025/12/07 01:19:07.518, 4897 MiB
2025/12/07 01:19:08.518, 4897 MiB
2025/12/07 01:19:09.518, 4897 MiB
2025/12/07 01:19:10.518, 4897 MiB
2025/12/07 01:19:11.518, 4897 MiB
2025/12/07 01:19:12.518, 4897 MiB
2025/12/07 01:19:13.519, 4897 MiB
2025/12/07 01:19:14.519, 4897 MiB
2025/12/07 01:19:15.519, 4897 MiB
2025/12/07 01:19:16.519, 4897 MiB
2025/12/07 01:19:17.519, 4897 MiB
2025/12/07 01:19:18.519, 4897 MiB
2025/12/07 01:19:19.519, 4897 MiB
2025/12/07 01:19:20.519, 4897 MiB
2025/12/07 01:19:21.520, 4897 MiB
2025/12/07 01:19:22.520, 4897 MiB
2025/12/07 01:19:23.520, 4897 MiB
2025/12/07 01:19:24.520, 4897 MiB
2025/12/07 01:19:25.520, 4897 MiB
2025/12/07 01:19:26.520, 4897 MiB
2025/12/07 01:19:27.520, 4897 MiB
2025/12/07 01:19:28.520, 4897 MiB
2025/12/07 01:19:29.521, 4897 MiB
2025/12/07 01:19:30.521, 4897 MiB
2025/12/07 01:19:31.521, 4897 MiB
2025/12/07 01:19:32.521, 4897 MiB
2025/12/07 01:19:33.521, 4897 MiB
2025/12/07 01:19:34.521, 4897 MiB
2025/12/07 01:19:35.521, 4897 MiB
2025/12/07 01:19:36.521, 4897 MiB
2025/12/07 01:19:37.522, 4897 MiB
2025/12/07 01:19:38.522, 4897 MiB
2025/12/07 01:19:39.522, 4897 MiB
2025/12/07 01:19:40.522, 4897 MiB
2025/12/07 01:19:41.522, 4897 MiB
2025/12/07 01:19:42.522, 4897 MiB
2025/12/07 01:19:43.522, 4897 MiB
2025/12/07 01:19:44.522, 4897 MiB
2025/12/07 01:19:45.523, 4897 MiB
2025/12/07 01:19:46.523, 4897 MiB
2025/12/07 01:19:47.523, 4897 MiB
2025/12/07 01:19:48.523, 4897 MiB
2025/12/07 01:19:49.523, 4897 MiB
2025/12/07 01:19:50.523, 4897 MiB
2025/12/07 01:19:51.523, 4897 MiB
2025/12/07 01:19:52.524, 4897 MiB
2025/12/07 01:19:53.524, 4897 MiB
2025/12/07 01:19:54.524, 4897 MiB
2025/12/07 01:19:55.524, 4897 MiB
2025/12/07 01:19:56.524, 4897 MiB
2025/12/07 01:19:57.524, 4897 MiB
2025/12/07 01:19:58.524, 4897 MiB
2025/12/07 01:19:59.525, 4897 MiB
2025/12/07 01:20:00.525, 4897 MiB
2025/12/07 01:20:01.525, 4897 MiB
2025/12/07 01:20:02.525, 4897 MiB
2025/12/07 01:20:03.525, 4897 MiB
2025/12/07 01:20:04.525, 4897 MiB
2025/12/07 01:20:05.525, 4897 MiB
2025/12/07 01:20:06.526, 4897 MiB
2025/12/07 01:20:07.526, 4897 MiB
2025/12/07 01:20:08.526, 4897 MiB
2025/12/07 01:20:09.526, 4897 MiB
2025/12/07 01:20:10.526, 4897 MiB
2025/12/07 01:20:11.526, 4897 MiB
2025/12/07 01:20:12.526, 4897 MiB
2025/12/07 01:20:13.527, 4897 MiB
2025/12/07 01:20:14.527, 4897 MiB
2025/12/07 01:20:15.527, 4897 MiB
2025/12/07 01:20:16.527, 4897 MiB
2025/12/07 01:20:17.527, 4897 MiB
2025/12/07 01:20:18.527, 4897 MiB
2025/12/07 01:20:19.527, 4897 MiB
2025/12/07 01:20:20.528, 4897 MiB
2025/12/07 01:20:21.528, 4897 MiB
2025/12/07 01:20:22.528, 4897 MiB
2025/12/07 01:20:23.528, 4897 MiB
2025/12/07 01:20:24.528, 4897 MiB
2025/12/07 01:20:25.528, 4897 MiB
2025/12/07 01:20:26.528, 4897 MiB
2025/12/07 01:20:27.528, 4897 MiB
2025/12/07 01:20:28.529, 4897 MiB
2025/12/07 01:20:29.529, 4897 MiB
2025/12/07 01:20:30.529, 4897 MiB
2025/12/07 01:20:31.529, 4897 MiB
2025/12/07 01:20:32.529, 4897 MiB
2025/12/07 01:20:33.529, 4897 MiB
2025/12/07 01:20:34.529, 4897 MiB
2025/12/07 01:20:35.529, 4897 MiB
2025/12/07 01:20:36.530, 4897 MiB
2025/12/07 01:20:37.530, 4897 MiB
2025/12/07 01:20:38.530, 4897 MiB
2025/12/07 01:20:39.530, 4897 MiB
2025/12/07 01:20:40.530, 4897 MiB
2025/12/07 01:20:41.530, 4897 MiB
2025/12/07 01:20:42.530, 4897 MiB
2025/12/07 01:20:43.530, 4897 MiB
2025/12/07 01:20:44.531, 4897 MiB
2025/12/07 01:20:45.531, 4897 MiB
2025/12/07 01:20:46.531, 4897 MiB
2025/12/07 01:20:47.531, 4897 MiB
2025/12/07 01:20:48.531, 4897 MiB
2025/12/07 01:20:49.531, 4897 MiB
2025/12/07 01:20:50.531, 4897 MiB
2025/12/07 01:20:51.532, 4897 MiB
2025/12/07 01:20:52.532, 4897 MiB
2025/12/07 01:20:53.532, 4897 MiB
2025/12/07 01:20:54.532, 4897 MiB
2025/12/07 01:20:55.532, 4897 MiB
2025/12/07 01:20:56.532, 4897 MiB
2025/12/07 01:20:57.532, 4897 MiB
2025/12/07 01:20:58.533, 4897 MiB
2025/12/07 01:20:59.533, 4897 MiB
2025/12/07 01:21:00.533, 4897 MiB
2025/12/07 01:21:01.533, 4897 MiB
2025/12/07 01:21:02.533, 4897 MiB
2025/12/07 01:21:03.533, 4897 MiB
2025/12/07 01:21:04.533, 4897 MiB
2025/12/07 01:21:05.534, 4897 MiB
2025/12/07 01:21:06.534, 4897 MiB
2025/12/07 01:21:07.534, 4897 MiB
2025/12/07 01:21:08.534, 4897 MiB
2025/12/07 01:21:09.534, 4897 MiB
2025/12/07 01:21:10.534, 4897 MiB
2025/12/07 01:21:11.535, 4897 MiB
2025/12/07 01:21:12.535, 4897 MiB
2025/12/07 01:21:13.535, 4897 MiB
2025/12/07 01:21:14.535, 4897 MiB
2025/12/07 01:21:15.535, 4897 MiB
2025/12/07 01:21:16.535, 4897 MiB
2025/12/07 01:21:17.535, 4897 MiB
2025/12/07 01:21:18.535, 4897 MiB
2025/12/07 01:21:19.536, 4897 MiB
2025/12/07 01:21:20.536, 4897 MiB
2025/12/07 01:21:21.536, 4897 MiB
2025/12/07 01:21:22.536, 4897 MiB
2025/12/07 01:21:23.536, 4897 MiB
2025/12/07 01:21:24.536, 4897 MiB
2025/12/07 01:21:25.536, 4897 MiB
2025/12/07 01:21:26.536, 4897 MiB
2025/12/07 01:21:27.537, 4897 MiB
2025/12/07 01:21:28.537, 4897 MiB
2025/12/07 01:21:29.537, 4897 MiB
2025/12/07 01:21:30.537, 4897 MiB
2025/12/07 01:21:31.537, 4897 MiB
2025/12/07 01:21:32.537, 4897 MiB
2025/12/07 01:21:33.537, 4897 MiB
2025/12/07 01:21:34.538, 4897 MiB
2025/12/07 01:21:35.538, 4897 MiB
2025/12/07 01:21:36.538, 4897 MiB
2025/12/07 01:21:37.538, 4897 MiB
2025/12/07 01:21:38.538, 4897 MiB
2025/12/07 01:21:39.538, 4897 MiB
2025/12/07 01:21:40.538, 4897 MiB
2025/12/07 01:21:41.539, 4897 MiB
2025/12/07 01:21:42.539, 4897 MiB
2025/12/07 01:21:43.539, 4897 MiB
2025/12/07 01:21:44.539, 4897 MiB
2025/12/07 01:21:45.539, 4897 MiB
2025/12/07 01:21:46.539, 4897 MiB
2025/12/07 01:21:47.539, 4897 MiB
2025/12/07 01:21:48.539, 4897 MiB
2025/12/07 01:21:49.540, 4897 MiB
2025/12/07 01:21:50.540, 4897 MiB
2025/12/07 01:21:51.540, 4897 MiB
2025/12/07 01:21:52.540, 4897 MiB
2025/12/07 01:21:53.540, 4897 MiB
2025/12/07 01:21:54.540, 4897 MiB
2025/12/07 01:21:55.540, 4897 MiB
2025/12/07 01:21:56.541, 4897 MiB
2025/12/07 01:21:57.541, 4897 MiB
2025/12/07 01:21:58.541, 4897 MiB
2025/12/07 01:21:59.541, 4897 MiB
2025/12/07 01:22:00.541, 4897 MiB
2025/12/07 01:22:01.541, 4897 MiB
2025/12/07 01:22:02.541, 4897 MiB
2025/12/07 01:22:03.542, 4897 MiB
2025/12/07 01:22:04.542, 4897 MiB
2025/12/07 01:22:05.542, 4897 MiB
2025/12/07 01:22:06.542, 4897 MiB
2025/12/07 01:22:07.542, 4897 MiB
2025/12/07 01:22:08.542, 4897 MiB
2025/12/07 01:22:09.542, 4897 MiB
2025/12/07 01:22:10.542, 4897 MiB
2025/12/07 01:22:11.543, 4897 MiB
2025/12/07 01:22:12.543, 4897 MiB
2025/12/07 01:22:13.543, 4897 MiB
2025/12/07 01:22:14.543, 4897 MiB
2025/12/07 01:22:15.543, 4897 MiB
2025/12/07 01:22:16.543, 4897 MiB
2025/12/07 01:22:17.543, 4897 MiB
2025/12/07 01:22:18.543, 4897 MiB
2025/12/07 01:22:19.544, 4897 MiB
2025/12/07 01:22:20.544, 4897 MiB
2025/12/07 01:22:21.544, 4897 MiB
2025/12/07 01:22:22.544, 4897 MiB
2025/12/07 01:22:23.544, 4897 MiB
2025/12/07 01:22:24.544, 4897 MiB
2025/12/07 01:22:25.544, 4897 MiB
2025/12/07 01:22:26.545, 4897 MiB
2025/12/07 01:22:27.545, 4897 MiB
2025/12/07 01:22:28.545, 4897 MiB
2025/12/07 01:22:29.545, 4897 MiB
2025/12/07 01:22:30.545, 4897 MiB
2025/12/07 01:22:31.545, 4897 MiB
2025/12/07 01:22:32.545, 4897 MiB
2025/12/07 01:22:33.546, 4897 MiB
2025/12/07 01:22:34.546, 4897 MiB
2025/12/07 01:22:35.546, 4897 MiB
2025/12/07 01:22:36.546, 4897 MiB
2025/12/07 01:22:37.546, 4897 MiB
2025/12/07 01:22:38.546, 4897 MiB
2025/12/07 01:22:39.546, 4897 MiB
2025/12/07 01:22:40.546, 4897 MiB
2025/12/07 01:22:41.547, 4897 MiB
2025/12/07 01:22:42.547, 4897 MiB
2025/12/07 01:22:43.547, 4897 MiB
2025/12/07 01:22:44.547, 4897 MiB
2025/12/07 01:22:45.547, 4897 MiB
2025/12/07 01:22:46.547, 4897 MiB
2025/12/07 01:22:47.547, 4897 MiB
2025/12/07 01:22:48.548, 4897 MiB
2025/12/07 01:22:49.548, 4897 MiB
2025/12/07 01:22:50.548, 4897 MiB
2025/12/07 01:22:51.548, 4897 MiB
2025/12/07 01:22:52.548, 4897 MiB
2025/12/07 01:22:53.548, 4897 MiB
2025/12/07 01:22:54.548, 4897 MiB
2025/12/07 01:22:55.549, 4897 MiB
2025/12/07 01:22:56.549, 4897 MiB
2025/12/07 01:22:57.549, 4897 MiB
2025/12/07 01:22:58.549, 4897 MiB
2025/12/07 01:22:59.549, 4897 MiB
2025/12/07 01:23:00.549, 4897 MiB
2025/12/07 01:23:01.549, 4897 MiB
2025/12/07 01:23:02.550, 4897 MiB
2025/12/07 01:23:03.550, 4897 MiB
2025/12/07 01:23:04.550, 4897 MiB
2025/12/07 01:23:05.550, 4897 MiB
2025/12/07 01:23:06.550, 4897 MiB
2025/12/07 01:23:07.550, 4897 MiB
2025/12/07 01:23:08.550, 4897 MiB
2025/12/07 01:23:09.551, 4897 MiB
2025/12/07 01:23:10.551, 4897 MiB
2025/12/07 01:23:11.551, 4897 MiB
2025/12/07 01:23:12.551, 4897 MiB
2025/12/07 01:23:13.551, 4897 MiB
2025/12/07 01:23:14.551, 4897 MiB
2025/12/07 01:23:15.551, 4897 MiB
2025/12/07 01:23:16.551, 4897 MiB
2025/12/07 01:23:17.552, 4897 MiB
2025/12/07 01:23:18.552, 4897 MiB
2025/12/07 01:23:19.552, 4897 MiB
2025/12/07 01:23:20.552, 4897 MiB
2025/12/07 01:23:21.552, 4897 MiB
2025/12/07 01:23:22.552, 4897 MiB
2025/12/07 01:23:23.552, 4897 MiB
2025/12/07 01:23:24.553, 4897 MiB
2025/12/07 01:23:25.553, 4897 MiB
2025/12/07 01:23:26.553, 4897 MiB
2025/12/07 01:23:27.553, 4897 MiB
2025/12/07 01:23:28.553, 4897 MiB
2025/12/07 01:23:29.553, 4897 MiB
2025/12/07 01:23:30.553, 4897 MiB
2025/12/07 01:23:31.553, 4897 MiB
2025/12/07 01:23:32.554, 4897 MiB
2025/12/07 01:23:33.554, 4897 MiB
2025/12/07 01:23:34.554, 4897 MiB
2025/12/07 01:23:35.554, 4897 MiB
2025/12/07 01:23:36.554, 4897 MiB
2025/12/07 01:23:37.554, 4897 MiB
2025/12/07 01:23:38.554, 4897 MiB
2025/12/07 01:23:39.555, 4897 MiB
2025/12/07 01:23:40.555, 4897 MiB
2025/12/07 01:23:41.555, 4897 MiB
2025/12/07 01:23:42.555, 4897 MiB
2025/12/07 01:23:43.555, 4897 MiB
2025/12/07 01:23:44.555, 4897 MiB
2025/12/07 01:23:45.555, 4897 MiB
2025/12/07 01:23:46.556, 4897 MiB
2025/12/07 01:23:47.556, 4897 MiB
2025/12/07 01:23:48.556, 4897 MiB
2025/12/07 01:23:49.556, 4897 MiB
2025/12/07 01:23:50.556, 4897 MiB
2025/12/07 01:23:51.556, 4897 MiB
2025/12/07 01:23:52.556, 4897 MiB
2025/12/07 01:23:53.556, 4897 MiB
2025/12/07 01:23:54.557, 4897 MiB
2025/12/07 01:23:55.557, 4897 MiB
2025/12/07 01:23:56.557, 4897 MiB
2025/12/07 01:23:57.557, 4897 MiB
2025/12/07 01:23:58.557, 4897 MiB
2025/12/07 01:23:59.557, 4897 MiB
2025/12/07 01:24:00.557, 4897 MiB
2025/12/07 01:24:01.558, 4897 MiB
2025/12/07 01:24:02.558, 4897 MiB
2025/12/07 01:24:03.558, 4897 MiB
2025/12/07 01:24:04.558, 4897 MiB
2025/12/07 01:24:05.558, 4897 MiB
2025/12/07 01:24:06.558, 4897 MiB
2025/12/07 01:24:07.558, 4897 MiB
2025/12/07 01:24:08.558, 4897 MiB
2025/12/07 01:24:09.559, 4897 MiB
2025/12/07 01:24:10.559, 4897 MiB
2025/12/07 01:24:11.559, 4897 MiB
2025/12/07 01:24:12.559, 4897 MiB
2025/12/07 01:24:13.559, 4897 MiB
2025/12/07 01:24:14.559, 4897 MiB
2025/12/07 01:24:15.559, 4897 MiB
2025/12/07 01:24:16.560, 4897 MiB
2025/12/07 01:24:17.560, 4897 MiB
2025/12/07 01:24:18.560, 4897 MiB
2025/12/07 01:24:19.560, 4897 MiB
2025/12/07 01:24:20.560, 4897 MiB
2025/12/07 01:24:21.560, 4897 MiB
2025/12/07 01:24:22.560, 4897 MiB
2025/12/07 01:24:23.560, 4897 MiB
2025/12/07 01:24:24.561, 4897 MiB
2025/12/07 01:24:25.561, 4897 MiB
2025/12/07 01:24:26.561, 4897 MiB
2025/12/07 01:24:27.561, 4897 MiB
2025/12/07 01:24:28.561, 4897 MiB
2025/12/07 01:24:29.561, 4897 MiB
2025/12/07 01:24:30.561, 4897 MiB
2025/12/07 01:24:31.562, 4897 MiB
2025/12/07 01:24:32.562, 4897 MiB
2025/12/07 01:24:33.562, 4897 MiB
2025/12/07 01:24:34.562, 4897 MiB
2025/12/07 01:24:35.562, 4897 MiB
2025/12/07 01:24:36.562, 4897 MiB
2025/12/07 01:24:37.562, 4897 MiB
2025/12/07 01:24:38.563, 4897 MiB
2025/12/07 01:24:39.563, 4897 MiB
2025/12/07 01:24:40.563, 4897 MiB
2025/12/07 01:24:41.563, 4897 MiB
2025/12/07 01:24:42.563, 4897 MiB
2025/12/07 01:24:43.563, 4897 MiB
2025/12/07 01:24:44.563, 4897 MiB
2025/12/07 01:24:45.563, 4897 MiB
2025/12/07 01:24:46.564, 4897 MiB
2025/12/07 01:24:47.564, 4897 MiB
2025/12/07 01:24:48.564, 4897 MiB
2025/12/07 01:24:49.564, 4897 MiB
2025/12/07 01:24:50.564, 4897 MiB
2025/12/07 01:24:51.564, 4897 MiB
2025/12/07 01:24:52.564, 4897 MiB
2025/12/07 01:24:53.564, 4897 MiB
2025/12/07 01:24:54.565, 4897 MiB
2025/12/07 01:24:55.565, 4897 MiB
2025/12/07 01:24:56.565, 4897 MiB
2025/12/07 01:24:57.565, 4897 MiB
2025/12/07 01:24:58.565, 4897 MiB
2025/12/07 01:24:59.565, 4897 MiB
2025/12/07 01:25:00.565, 4897 MiB
2025/12/07 01:25:01.565, 4897 MiB
2025/12/07 01:25:02.566, 4897 MiB
2025/12/07 01:25:03.566, 4897 MiB
2025/12/07 01:25:04.566, 4897 MiB
2025/12/07 01:25:05.566, 4897 MiB
2025/12/07 01:25:06.566, 4897 MiB
2025/12/07 01:25:07.566, 4897 MiB
2025/12/07 01:25:08.566, 4897 MiB
2025/12/07 01:25:09.567, 4897 MiB
2025/12/07 01:25:10.567, 4897 MiB
2025/12/07 01:25:11.567, 4897 MiB
2025/12/07 01:25:12.567, 4897 MiB
2025/12/07 01:25:13.567, 4897 MiB
2025/12/07 01:25:14.567, 4897 MiB
2025/12/07 01:25:15.567, 4897 MiB
2025/12/07 01:25:16.567, 4897 MiB
2025/12/07 01:25:17.568, 4897 MiB
2025/12/07 01:25:18.568, 4897 MiB
2025/12/07 01:25:19.568, 4897 MiB
2025/12/07 01:25:20.568, 4897 MiB
2025/12/07 01:25:21.568, 4897 MiB
2025/12/07 01:25:22.568, 4897 MiB
2025/12/07 01:25:23.568, 4897 MiB
2025/12/07 01:25:24.569, 4897 MiB
2025/12/07 01:25:25.569, 4897 MiB
2025/12/07 01:25:26.569, 4897 MiB
2025/12/07 01:25:27.569, 4897 MiB
2025/12/07 01:25:28.569, 4897 MiB
2025/12/07 01:25:29.569, 4897 MiB
2025/12/07 01:25:30.569, 4897 MiB
2025/12/07 01:25:31.569, 4897 MiB
2025/12/07 01:25:32.570, 4897 MiB
2025/12/07 01:25:33.570, 4897 MiB
2025/12/07 01:25:34.570, 4897 MiB
2025/12/07 01:25:35.570, 4897 MiB
2025/12/07 01:25:36.570, 4897 MiB
2025/12/07 01:25:37.570, 4897 MiB
2025/12/07 01:25:38.570, 4897 MiB
2025/12/07 01:25:39.570, 4897 MiB
2025/12/07 01:25:40.571, 4897 MiB
2025/12/07 01:25:41.571, 4897 MiB
2025/12/07 01:25:42.571, 4897 MiB
2025/12/07 01:25:43.571, 4897 MiB
2025/12/07 01:25:44.571, 4897 MiB
2025/12/07 01:25:45.571, 4897 MiB
2025/12/07 01:25:46.571, 4897 MiB
2025/12/07 01:25:47.571, 4897 MiB
2025/12/07 01:25:48.572, 4897 MiB
2025/12/07 01:25:49.572, 4897 MiB
2025/12/07 01:25:50.572, 4897 MiB
2025/12/07 01:25:51.572, 4897 MiB
2025/12/07 01:25:52.572, 4897 MiB
2025/12/07 01:25:53.572, 4897 MiB
2025/12/07 01:25:54.572, 4897 MiB
2025/12/07 01:25:55.572, 4897 MiB
2025/12/07 01:25:56.573, 4897 MiB
2025/12/07 01:25:57.573, 4897 MiB
2025/12/07 01:25:58.573, 4897 MiB
2025/12/07 01:25:59.573, 4897 MiB
2025/12/07 01:26:00.573, 4897 MiB
2025/12/07 01:26:01.573, 4897 MiB
2025/12/07 01:26:02.573, 4897 MiB
2025/12/07 01:26:03.573, 4897 MiB
2025/12/07 01:26:04.574, 4897 MiB
2025/12/07 01:26:05.574, 4897 MiB
2025/12/07 01:26:06.574, 4897 MiB
2025/12/07 01:26:07.574, 4897 MiB
2025/12/07 01:26:08.574, 4897 MiB
2025/12/07 01:26:09.574, 4897 MiB
2025/12/07 01:26:10.574, 4897 MiB
2025/12/07 01:26:11.575, 4897 MiB
2025/12/07 01:26:12.575, 4897 MiB
2025/12/07 01:26:13.575, 4897 MiB
2025/12/07 01:26:14.575, 4897 MiB
2025/12/07 01:26:15.575, 4897 MiB
2025/12/07 01:26:16.575, 4897 MiB
2025/12/07 01:26:17.575, 4897 MiB
2025/12/07 01:26:18.575, 4897 MiB
2025/12/07 01:26:19.576, 4897 MiB
2025/12/07 01:26:20.576, 4897 MiB
2025/12/07 01:26:21.576, 4897 MiB
2025/12/07 01:26:22.576, 4897 MiB
2025/12/07 01:26:23.576, 4897 MiB
2025/12/07 01:26:24.576, 4897 MiB
2025/12/07 01:26:25.576, 4897 MiB
2025/12/07 01:26:26.577, 4897 MiB
2025/12/07 01:26:27.577, 4897 MiB
2025/12/07 01:26:28.577, 4897 MiB
2025/12/07 01:26:29.577, 4897 MiB
2025/12/07 01:26:30.577, 4897 MiB
2025/12/07 01:26:31.577, 4897 MiB
2025/12/07 01:26:32.577, 4897 MiB
2025/12/07 01:26:33.577, 4897 MiB
2025/12/07 01:26:34.578, 4897 MiB
2025/12/07 01:26:35.578, 4897 MiB
2025/12/07 01:26:36.578, 4897 MiB
2025/12/07 01:26:37.578, 4897 MiB
2025/12/07 01:26:38.578, 4897 MiB
2025/12/07 01:26:39.578, 4897 MiB
2025/12/07 01:26:40.578, 4897 MiB
2025/12/07 01:26:41.579, 4897 MiB
2025/12/07 01:26:42.579, 4897 MiB
2025/12/07 01:26:43.579, 4897 MiB
2025/12/07 01:26:44.579, 4897 MiB
2025/12/07 01:26:45.579, 4897 MiB
2025/12/07 01:26:46.579, 4897 MiB
2025/12/07 01:26:47.579, 4897 MiB
2025/12/07 01:26:48.580, 4897 MiB
2025/12/07 01:26:49.580, 4897 MiB
2025/12/07 01:26:50.580, 4897 MiB
2025/12/07 01:26:51.580, 4897 MiB
2025/12/07 01:26:52.580, 4897 MiB
2025/12/07 01:26:53.580, 4897 MiB
2025/12/07 01:26:54.580, 4897 MiB
2025/12/07 01:26:55.581, 4897 MiB
2025/12/07 01:26:56.581, 4897 MiB
2025/12/07 01:26:57.581, 4897 MiB
2025/12/07 01:26:58.581, 4897 MiB
2025/12/07 01:26:59.581, 4897 MiB
2025/12/07 01:27:00.581, 4897 MiB
2025/12/07 01:27:01.581, 4897 MiB
2025/12/07 01:27:02.581, 4897 MiB
2025/12/07 01:27:03.582, 4897 MiB
2025/12/07 01:27:04.582, 4897 MiB
2025/12/07 01:27:05.582, 4897 MiB
2025/12/07 01:27:06.582, 4897 MiB
2025/12/07 01:27:07.582, 4897 MiB
2025/12/07 01:27:08.582, 4897 MiB
2025/12/07 01:27:09.583, 4897 MiB
2025/12/07 01:27:10.583, 4897 MiB
2025/12/07 01:27:11.583, 4897 MiB
2025/12/07 01:27:12.583, 4897 MiB
2025/12/07 01:27:13.583, 4897 MiB
2025/12/07 01:27:14.583, 4897 MiB
2025/12/07 01:27:15.583, 4897 MiB
2025/12/07 01:27:16.583, 4897 MiB
2025/12/07 01:27:17.584, 4897 MiB
2025/12/07 01:27:18.584, 4897 MiB
2025/12/07 01:27:19.584, 4897 MiB
2025/12/07 01:27:20.584, 4897 MiB
2025/12/07 01:27:21.584, 4897 MiB
2025/12/07 01:27:22.584, 4897 MiB
2025/12/07 01:27:23.584, 4897 MiB
2025/12/07 01:27:24.585, 4897 MiB
2025/12/07 01:27:25.585, 4897 MiB
2025/12/07 01:27:26.585, 4897 MiB
2025/12/07 01:27:27.585, 4897 MiB
2025/12/07 01:27:28.585, 4897 MiB
2025/12/07 01:27:29.585, 4897 MiB
2025/12/07 01:27:30.585, 4897 MiB
2025/12/07 01:27:31.585, 4897 MiB
2025/12/07 01:27:32.586, 4897 MiB
2025/12/07 01:27:33.586, 4897 MiB
2025/12/07 01:27:34.586, 4897 MiB
2025/12/07 01:27:35.586, 4897 MiB
2025/12/07 01:27:36.586, 4897 MiB
2025/12/07 01:27:37.586, 4897 MiB
2025/12/07 01:27:38.586, 4897 MiB
2025/12/07 01:27:39.587, 4897 MiB
2025/12/07 01:27:40.587, 4897 MiB
2025/12/07 01:27:41.587, 4897 MiB
2025/12/07 01:27:42.587, 4897 MiB
2025/12/07 01:27:43.587, 4897 MiB
2025/12/07 01:27:44.587, 4897 MiB
2025/12/07 01:27:45.587, 4897 MiB
2025/12/07 01:27:46.587, 4897 MiB
2025/12/07 01:27:47.588, 4897 MiB
2025/12/07 01:27:48.588, 4897 MiB
2025/12/07 01:27:49.588, 4897 MiB
2025/12/07 01:27:50.588, 4897 MiB
2025/12/07 01:27:51.588, 4897 MiB
2025/12/07 01:27:52.588, 4897 MiB
2025/12/07 01:27:53.588, 4897 MiB
2025/12/07 01:27:54.588, 4897 MiB
2025/12/07 01:27:55.589, 4897 MiB
2025/12/07 01:27:56.589, 4897 MiB
2025/12/07 01:27:57.589, 4897 MiB
2025/12/07 01:27:58.589, 4897 MiB
2025/12/07 01:27:59.589, 4897 MiB
2025/12/07 01:28:00.589, 4897 MiB
2025/12/07 01:28:01.589, 4897 MiB
2025/12/07 01:28:02.589, 4897 MiB
2025/12/07 01:28:03.590, 4897 MiB
2025/12/07 01:28:04.590, 4897 MiB
2025/12/07 01:28:05.590, 4897 MiB
2025/12/07 01:28:06.590, 4897 MiB
2025/12/07 01:28:07.590, 4897 MiB
2025/12/07 01:28:08.590, 4897 MiB
2025/12/07 01:28:09.590, 4897 MiB
2025/12/07 01:28:10.591, 4897 MiB
2025/12/07 01:28:11.591, 4897 MiB
2025/12/07 01:28:12.591, 4897 MiB
2025/12/07 01:28:13.591, 4897 MiB
2025/12/07 01:28:14.591, 4897 MiB
2025/12/07 01:28:15.591, 4897 MiB
2025/12/07 01:28:16.591, 4897 MiB
2025/12/07 01:28:17.591, 4897 MiB
2025/12/07 01:28:18.592, 4897 MiB
2025/12/07 01:28:19.592, 4897 MiB
2025/12/07 01:28:20.592, 4897 MiB
2025/12/07 01:28:21.592, 4897 MiB
2025/12/07 01:28:22.592, 4897 MiB
2025/12/07 01:28:23.592, 4897 MiB
2025/12/07 01:28:24.592, 4897 MiB
2025/12/07 01:28:25.593, 4897 MiB
2025/12/07 01:28:26.593, 4897 MiB
2025/12/07 01:28:27.593, 4897 MiB
2025/12/07 01:28:28.593, 4897 MiB
2025/12/07 01:28:29.593, 4897 MiB
2025/12/07 01:28:30.593, 4897 MiB
2025/12/07 01:28:31.593, 4897 MiB
2025/12/07 01:28:32.593, 4897 MiB
2025/12/07 01:28:33.594, 4897 MiB
2025/12/07 01:28:34.594, 4897 MiB
2025/12/07 01:28:35.594, 4897 MiB
2025/12/07 01:28:36.594, 4897 MiB
2025/12/07 01:28:37.594, 4897 MiB
2025/12/07 01:28:38.594, 4897 MiB
2025/12/07 01:28:39.594, 4897 MiB
2025/12/07 01:28:40.595, 4897 MiB
2025/12/07 01:28:41.595, 4897 MiB
2025/12/07 01:28:42.595, 4897 MiB
2025/12/07 01:28:43.595, 4897 MiB
2025/12/07 01:28:44.595, 4897 MiB
2025/12/07 01:28:45.595, 4897 MiB
2025/12/07 01:28:46.595, 4897 MiB
2025/12/07 01:28:47.595, 4897 MiB
2025/12/07 01:28:48.596, 4897 MiB
2025/12/07 01:28:49.596, 4897 MiB
2025/12/07 01:28:50.596, 4897 MiB
2025/12/07 01:28:51.596, 4897 MiB
2025/12/07 01:28:52.596, 4897 MiB
2025/12/07 01:28:53.596, 4897 MiB
2025/12/07 01:28:54.596, 4897 MiB
2025/12/07 01:28:55.596, 4897 MiB
2025/12/07 01:28:56.597, 4897 MiB
2025/12/07 01:28:57.597, 4897 MiB
2025/12/07 01:28:58.597, 4897 MiB
2025/12/07 01:28:59.597, 4897 MiB
2025/12/07 01:29:00.597, 4897 MiB
2025/12/07 01:29:01.597, 4897 MiB
2025/12/07 01:29:02.597, 4897 MiB
2025/12/07 01:29:03.598, 4897 MiB
2025/12/07 01:29:04.598, 4897 MiB
2025/12/07 01:29:05.598, 4897 MiB
2025/12/07 01:29:06.598, 4897 MiB
2025/12/07 01:29:07.598, 4897 MiB
2025/12/07 01:29:08.598, 4897 MiB
2025/12/07 01:29:09.598, 4897 MiB
2025/12/07 01:29:10.598, 4897 MiB
2025/12/07 01:29:11.599, 4897 MiB
2025/12/07 01:29:12.599, 4897 MiB
2025/12/07 01:29:13.599, 4897 MiB
2025/12/07 01:29:14.599, 4897 MiB
2025/12/07 01:29:15.599, 4897 MiB
2025/12/07 01:29:16.599, 4897 MiB
2025/12/07 01:29:17.599, 4897 MiB
2025/12/07 01:29:18.599, 4897 MiB
2025/12/07 01:29:19.600, 4897 MiB
2025/12/07 01:29:20.600, 4897 MiB
2025/12/07 01:29:21.600, 4897 MiB
2025/12/07 01:29:22.600, 4897 MiB
2025/12/07 01:29:23.600, 4897 MiB
2025/12/07 01:29:24.600, 4897 MiB
2025/12/07 01:29:25.600, 4897 MiB
2025/12/07 01:29:26.601, 4897 MiB
2025/12/07 01:29:27.601, 4897 MiB
2025/12/07 01:29:28.601, 4897 MiB
2025/12/07 01:29:29.601, 4897 MiB
2025/12/07 01:29:30.601, 4897 MiB
2025/12/07 01:29:31.601, 4897 MiB
2025/12/07 01:29:32.601, 4897 MiB
2025/12/07 01:29:33.602, 4897 MiB
2025/12/07 01:29:34.602, 4897 MiB
2025/12/07 01:29:35.602, 4897 MiB
2025/12/07 01:29:36.602, 4897 MiB
2025/12/07 01:29:37.602, 4897 MiB
2025/12/07 01:29:38.602, 4897 MiB
2025/12/07 01:29:39.602, 4897 MiB
2025/12/07 01:29:40.603, 4897 MiB
2025/12/07 01:29:41.603, 4897 MiB
2025/12/07 01:29:42.603, 4897 MiB
2025/12/07 01:29:43.603, 4897 MiB
2025/12/07 01:29:44.603, 4897 MiB
2025/12/07 01:29:45.603, 4897 MiB
2025/12/07 01:29:46.603, 4897 MiB
2025/12/07 01:29:47.603, 4897 MiB
2025/12/07 01:29:48.604, 4897 MiB
2025/12/07 01:29:49.604, 4897 MiB
2025/12/07 01:29:50.604, 4897 MiB
2025/12/07 01:29:51.604, 4897 MiB
2025/12/07 01:29:52.604, 4897 MiB
2025/12/07 01:29:53.604, 4897 MiB
2025/12/07 01:29:54.604, 4897 MiB
2025/12/07 01:29:55.605, 4897 MiB
2025/12/07 01:29:56.605, 4897 MiB
2025/12/07 01:29:57.605, 4897 MiB
2025/12/07 01:29:58.605, 4897 MiB
2025/12/07 01:29:59.605, 4897 MiB
2025/12/07 01:30:00.605, 4897 MiB
2025/12/07 01:30:01.605, 4897 MiB
2025/12/07 01:30:02.605, 4897 MiB
2025/12/07 01:30:03.606, 4897 MiB
2025/12/07 01:30:04.606, 4897 MiB
2025/12/07 01:30:05.606, 4897 MiB
2025/12/07 01:30:06.606, 4897 MiB
2025/12/07 01:30:07.606, 4897 MiB
2025/12/07 01:30:08.606, 4897 MiB
2025/12/07 01:30:09.606, 4897 MiB
2025/12/07 01:30:10.606, 4897 MiB
2025/12/07 01:30:11.607, 4897 MiB
2025/12/07 01:30:12.607, 4897 MiB
2025/12/07 01:30:13.607, 4897 MiB
2025/12/07 01:30:14.607, 4897 MiB
2025/12/07 01:30:15.607, 4897 MiB
2025/12/07 01:30:16.607, 4897 MiB
2025/12/07 01:30:17.607, 4897 MiB
2025/12/07 01:30:18.607, 4897 MiB
2025/12/07 01:30:19.608, 4897 MiB
2025/12/07 01:30:20.608, 4897 MiB
2025/12/07 01:30:21.608, 4897 MiB
2025/12/07 01:30:22.608, 4897 MiB
2025/12/07 01:30:23.608, 4897 MiB
2025/12/07 01:30:24.608, 4897 MiB
2025/12/07 01:30:25.608, 4897 MiB
2025/12/07 01:30:26.609, 4897 MiB
2025/12/07 01:30:27.609, 4897 MiB
2025/12/07 01:30:28.609, 4897 MiB
2025/12/07 01:30:29.609, 4897 MiB
2025/12/07 01:30:30.609, 4897 MiB
2025/12/07 01:30:31.609, 4897 MiB
2025/12/07 01:30:32.609, 4897 MiB
2025/12/07 01:30:33.609, 4897 MiB
2025/12/07 01:30:34.610, 4897 MiB
2025/12/07 01:30:35.610, 4897 MiB
2025/12/07 01:30:36.610, 4897 MiB
2025/12/07 01:30:37.610, 4897 MiB
2025/12/07 01:30:38.610, 4897 MiB
2025/12/07 01:30:39.610, 4897 MiB
2025/12/07 01:30:40.610, 4897 MiB
2025/12/07 01:30:41.611, 4897 MiB
2025/12/07 01:30:42.611, 4897 MiB
2025/12/07 01:30:43.611, 4897 MiB
2025/12/07 01:30:44.611, 4897 MiB
2025/12/07 01:30:45.611, 4897 MiB
2025/12/07 01:30:46.611, 4897 MiB
2025/12/07 01:30:47.611, 4897 MiB
2025/12/07 01:30:48.612, 4897 MiB
2025/12/07 01:30:49.612, 4897 MiB
2025/12/07 01:30:50.612, 4897 MiB
2025/12/07 01:30:51.612, 4897 MiB
2025/12/07 01:30:52.612, 4897 MiB
2025/12/07 01:30:53.612, 4897 MiB
2025/12/07 01:30:54.612, 4897 MiB
2025/12/07 01:30:55.612, 4897 MiB
2025/12/07 01:30:56.613, 4897 MiB
2025/12/07 01:30:57.613, 4897 MiB
2025/12/07 01:30:58.613, 4897 MiB
2025/12/07 01:30:59.613, 4897 MiB
2025/12/07 01:31:00.613, 4897 MiB
2025/12/07 01:31:01.613, 4897 MiB
2025/12/07 01:31:02.613, 4897 MiB
2025/12/07 01:31:03.614, 4897 MiB
2025/12/07 01:31:04.614, 4897 MiB
2025/12/07 01:31:05.614, 4897 MiB
2025/12/07 01:31:06.614, 4897 MiB
2025/12/07 01:31:07.614, 4897 MiB
2025/12/07 01:31:08.614, 4897 MiB
2025/12/07 01:31:09.614, 4897 MiB
2025/12/07 01:31:10.614, 4897 MiB
2025/12/07 01:31:11.615, 4897 MiB
2025/12/07 01:31:12.615, 4897 MiB
2025/12/07 01:31:13.615, 4897 MiB
2025/12/07 01:31:14.615, 4897 MiB
2025/12/07 01:31:15.615, 4897 MiB
2025/12/07 01:31:16.615, 4897 MiB
2025/12/07 01:31:17.615, 4897 MiB
2025/12/07 01:31:18.615, 4897 MiB
2025/12/07 01:31:19.616, 4897 MiB
2025/12/07 01:31:20.616, 4897 MiB
2025/12/07 01:31:21.616, 4897 MiB
2025/12/07 01:31:22.616, 4897 MiB
2025/12/07 01:31:23.616, 4897 MiB
2025/12/07 01:31:24.616, 4897 MiB
2025/12/07 01:31:25.616, 4897 MiB
2025/12/07 01:31:26.617, 4897 MiB
2025/12/07 01:31:27.617, 4897 MiB
2025/12/07 01:31:28.617, 4897 MiB
2025/12/07 01:31:29.617, 4897 MiB
2025/12/07 01:31:30.617, 4897 MiB
2025/12/07 01:31:31.617, 4897 MiB
2025/12/07 01:31:32.617, 4897 MiB
2025/12/07 01:31:33.617, 4897 MiB
2025/12/07 01:31:34.618, 4897 MiB
2025/12/07 01:31:35.618, 4897 MiB
2025/12/07 01:31:36.618, 4897 MiB
2025/12/07 01:31:37.618, 4897 MiB
2025/12/07 01:31:38.618, 4897 MiB
2025/12/07 01:31:39.618, 4897 MiB
2025/12/07 01:31:40.618, 4897 MiB
2025/12/07 01:31:41.619, 4897 MiB
2025/12/07 01:31:42.619, 4897 MiB
2025/12/07 01:31:43.619, 4897 MiB
2025/12/07 01:31:44.619, 4897 MiB
2025/12/07 01:31:45.619, 4897 MiB
2025/12/07 01:31:46.619, 4897 MiB
2025/12/07 01:31:47.619, 4897 MiB
2025/12/07 01:31:48.619, 4897 MiB
2025/12/07 01:31:49.620, 4897 MiB
2025/12/07 01:31:50.620, 4897 MiB
2025/12/07 01:31:51.620, 4897 MiB
2025/12/07 01:31:52.620, 4897 MiB
2025/12/07 01:31:53.620, 4897 MiB
2025/12/07 01:31:54.620, 4897 MiB
2025/12/07 01:31:55.620, 4897 MiB
2025/12/07 01:31:56.621, 4897 MiB
2025/12/07 01:31:57.621, 4897 MiB
2025/12/07 01:31:58.621, 4897 MiB
2025/12/07 01:31:59.621, 4897 MiB
2025/12/07 01:32:00.621, 4897 MiB
2025/12/07 01:32:01.621, 4897 MiB
2025/12/07 01:32:02.621, 4897 MiB
2025/12/07 01:32:03.622, 4897 MiB
2025/12/07 01:32:04.622, 4897 MiB
2025/12/07 01:32:05.622, 4897 MiB
2025/12/07 01:32:06.622, 4897 MiB
2025/12/07 01:32:07.622, 4897 MiB
2025/12/07 01:32:08.622, 4897 MiB
2025/12/07 01:32:09.622, 4897 MiB
2025/12/07 01:32:10.623, 4897 MiB
2025/12/07 01:32:11.623, 4897 MiB
2025/12/07 01:32:12.623, 4897 MiB
2025/12/07 01:32:13.623, 4897 MiB
2025/12/07 01:32:14.623, 4897 MiB
2025/12/07 01:32:15.623, 4897 MiB
2025/12/07 01:32:16.623, 4897 MiB
2025/12/07 01:32:17.624, 4897 MiB
2025/12/07 01:32:18.624, 4897 MiB
2025/12/07 01:32:19.624, 4897 MiB
2025/12/07 01:32:20.624, 4897 MiB
2025/12/07 01:32:21.624, 4897 MiB
2025/12/07 01:32:22.624, 4897 MiB
2025/12/07 01:32:23.624, 4897 MiB
2025/12/07 01:32:24.624, 4897 MiB
2025/12/07 01:32:25.625, 4897 MiB
2025/12/07 01:32:26.625, 4897 MiB
2025/12/07 01:32:27.625, 4897 MiB
2025/12/07 01:32:28.625, 4897 MiB
2025/12/07 01:32:29.625, 4897 MiB
2025/12/07 01:32:30.625, 4897 MiB
2025/12/07 01:32:31.625, 4897 MiB
2025/12/07 01:32:32.625, 4897 MiB
2025/12/07 01:32:33.626, 4897 MiB
2025/12/07 01:32:34.626, 4897 MiB
2025/12/07 01:32:35.626, 4897 MiB
2025/12/07 01:32:36.626, 4897 MiB
2025/12/07 01:32:37.626, 4897 MiB
2025/12/07 01:32:38.626, 4897 MiB
2025/12/07 01:32:39.626, 4897 MiB
2025/12/07 01:32:40.627, 4897 MiB
2025/12/07 01:32:41.627, 4897 MiB
2025/12/07 01:32:42.627, 4897 MiB
2025/12/07 01:32:43.627, 4897 MiB
2025/12/07 01:32:44.627, 4897 MiB
2025/12/07 01:32:45.627, 4897 MiB
2025/12/07 01:32:46.627, 4897 MiB
2025/12/07 01:32:47.628, 4897 MiB
2025/12/07 01:32:48.628, 4897 MiB
2025/12/07 01:32:49.628, 4897 MiB
2025/12/07 01:32:50.628, 4897 MiB
2025/12/07 01:32:51.628, 4897 MiB
2025/12/07 01:32:52.628, 4897 MiB
2025/12/07 01:32:53.629, 4897 MiB
2025/12/07 01:32:54.629, 4897 MiB
2025/12/07 01:32:55.629, 4897 MiB
